<?xml version="1.0" encoding="UTF-8"?>
<addon id="repository.flowfavmanager" name="Flow FavManager Repository" version="1.0.0" provider-name="RubénSDFA1labernt">
    <extension point="xbmc.addon.repository" name="Flow FavManager Repository">
        <dir>
            <info compressed="false">https://fullstackcurso.github.io/Flow-FavManager/addons.xml</info>
            <checksum>https://fullstackcurso.github.io/Flow-FavManager/addons.xml.md5</checksum>
            <datadir zip="true">https://fullstackcurso.github.io/Flow-FavManager/</datadir>
        </dir>
    </extension>
    <extension point="xbmc.addon.metadata">
        <summary lang="es">Repositorio de Flow FavManager</summary>
        <description lang="es">Repositorio oficial para instalar y actualizar el addon Flow FavManager.</description>
        <platform>all</platform>
        <assets>
            <icon>icon.png</icon>
        </assets>
    </extension>
</addon>
