{
    "secciones_kodi": [
        {
            "name": "Películas",
            "path": "ActivateWindow(Videos,MovieTitles)",
            "icon": "DefaultMovies.png"
        },
        {
            "name": "Series TV",
            "path": "ActivateWindow(Videos,TVShowTitles)",
            "icon": "DefaultTVShows.png"
        },
        {
            "name": "Hogar / Inicio",
            "path": "ActivateWindow(Home)",
            "icon": "DefaultHome.png"
        },
        {
            "name": "Televisión (PVR)",
            "path": "ActivateWindow(TVChannels)",
            "icon": "DefaultLiveTV.png"
        },
        {
            "name": "Guía TV (EPG)",
            "path": "ActivateWindow(TVGuide)",
            "icon": "DefaultEPG.png"
        },
        {
            "name": "Radio",
            "path": "ActivateWindow(Radio)",
            "icon": "DefaultRadio.png"
        },
        {
            "name": "Música",
            "path": "ActivateWindow(Music)",
            "icon": "DefaultMusic.png"
        },
        {
            "name": "Videoclips",
            "path": "ActivateWindow(Videos,MusicVideoTitles)",
            "icon": "DefaultMusicVideos.png"
        },
        {
            "name": "El Tiempo",
            "path": "ActivateWindow(Weather)",
            "icon": "DefaultWeather.png"
        },
        {
            "name": "Imágenes",
            "path": "ActivateWindow(Pictures)",
            "icon": "DefaultPicture.png"
        },
        {
            "name": "Ajustes",
            "path": "ActivateWindow(Settings)",
            "icon": "DefaultIconSettings.png"
        },
        {
            "name": "Gestor de Archivos",
            "path": "ActivateWindow(FileManager)",
            "icon": "DefaultFile.png"
        },
        {
            "name": "Info del Sistema",
            "path": "ActivateWindow(SystemInfo)",
            "icon": "DefaultIconInfo.png"
        },
        {
            "name": "Eventos / Log",
            "path": "ActivateWindow(EventLog)",
            "icon": "DefaultIconInfo.png"
        },
        {
            "name": "Addons (Explorador)",
            "path": "ActivateWindow(AddonBrowser)",
            "icon": "DefaultAddon.png"
        }
    ],
    "comandos_sistema": [
        {
            "name": "Menú Apagar / Reiniciar",
            "path": "ActivateWindow(ShutdownMenu)",
            "icon": "DefaultIconPower.png"
        },
        {
            "name": "Actualizar Librería (Video)",
            "path": "RunPlugin(plugin://plugin.program.flowfavmanager/execute?cmd=UpdateLibrary%28video%29)",
            "icon": "DefaultAddonsUpdates.png"
        },
        {
            "name": "Limpiar Librería (Video)",
            "path": "RunPlugin(plugin://plugin.program.flowfavmanager/execute?cmd=CleanLibrary%28video%29)",
            "icon": "DefaultAddonsUpdates.png"
        },
        {
            "name": "Recargar Skin",
            "path": "RunPlugin(plugin://plugin.program.flowfavmanager/execute?cmd=ReloadSkin%28%29)",
            "icon": "DefaultAddon.png"
        },
        {
            "name": "Ajustes de Skin",
            "path": "ActivateWindow(SkinSettings)",
            "icon": "DefaultAddon.png"
        },
        {
            "name": "Gestor de Archivos",
            "path": "ActivateWindow(FileManager)",
            "icon": "DefaultFile.png"
        }
    ]
}